Country Link,
https://www.hostelworld.com/hostels/Albania,
https://www.hostelworld.com/hostels/Andorra,
https://www.hostelworld.com/hostels/Argentina,
https://www.hostelworld.com/hostels/Armenia,
https://www.hostelworld.com/hostels/Aruba,
https://www.hostelworld.com/hostels/Australia,
https://www.hostelworld.com/hostels/Austria,
https://www.hostelworld.com/hostels/Azerbaijan,
https://www.hostelworld.com/hostels/Bahamas,
https://www.hostelworld.com/hostels/Bangladesh,
https://www.hostelworld.com/hostels/Belarus,
https://www.hostelworld.com/hostels/Belgium,
https://www.hostelworld.com/hostels/Belize,
https://www.hostelworld.com/hostels/Bolivia,
https://www.hostelworld.com/hostels/Botswana,
https://www.hostelworld.com/hostels/Brazil,
https://www.hostelworld.com/hostels/Brunei,
https://www.hostelworld.com/hostels/Bulgaria,
https://www.hostelworld.com/hostels/Cambodia,
https://www.hostelworld.com/hostels/Canada,
https://www.hostelworld.com/hostels/Chile,
https://www.hostelworld.com/hostels/China,
https://www.hostelworld.com/hostels/Colombia,
https://www.hostelworld.com/hostels/Croatia,
https://www.hostelworld.com/hostels/Cuba,
https://www.hostelworld.com/hostels/Cyprus,
https://www.hostelworld.com/hostels/Denmark,
https://www.hostelworld.com/hostels/Ecuador,
https://www.hostelworld.com/hostels/Egypt,
https://www.hostelworld.com/hostels/England,
https://www.hostelworld.com/hostels/Estonia,
https://www.hostelworld.com/hostels/Ethiopia,
https://www.hostelworld.com/hostels/Fiji,
https://www.hostelworld.com/hostels/Finland,
https://www.hostelworld.com/hostels/France,
https://www.hostelworld.com/hostels/Georgia,
https://www.hostelworld.com/hostels/Germany,
https://www.hostelworld.com/hostels/Ghana,
https://www.hostelworld.com/hostels/Gibraltar,
https://www.hostelworld.com/hostels/Greece,
https://www.hostelworld.com/hostels/Guatemala,
https://www.hostelworld.com/hostels/Haiti,
https://www.hostelworld.com/hostels/Honduras,
https://www.hostelworld.com/hostels/Hungary,
https://www.hostelworld.com/hostels/Iceland,
https://www.hostelworld.com/hostels/India,
https://www.hostelworld.com/hostels/Indonesia,
https://www.hostelworld.com/hostels/Iran,
https://www.hostelworld.com/hostels/Ireland,
https://www.hostelworld.com/hostels/Israel,
https://www.hostelworld.com/hostels/Italy,
https://www.hostelworld.com/hostels/Jamaica,
https://www.hostelworld.com/hostels/Japan,
https://www.hostelworld.com/hostels/Jordan,
https://www.hostelworld.com/hostels/Kazakhstan,
https://www.hostelworld.com/hostels/Kenya,
https://www.hostelworld.com/hostels/Kosovo,
https://www.hostelworld.com/hostels/Kyrgyzstan,
https://www.hostelworld.com/hostels/Laos,
https://www.hostelworld.com/hostels/Latvia,
https://www.hostelworld.com/hostels/Lebanon,
https://www.hostelworld.com/hostels/Liechtenstein,
https://www.hostelworld.com/hostels/Lithuania,
https://www.hostelworld.com/hostels/Luxembourg,
https://www.hostelworld.com/hostels/Macedonia,
https://www.hostelworld.com/hostels/Madagascar,
https://www.hostelworld.com/hostels/Malawi,
https://www.hostelworld.com/hostels/Malaysia,
https://www.hostelworld.com/hostels/Maldives,
https://www.hostelworld.com/hostels/Malta,
https://www.hostelworld.com/hostels/Martinique,
https://www.hostelworld.com/hostels/Mexico,
https://www.hostelworld.com/hostels/Moldova,
https://www.hostelworld.com/hostels/Mongolia,
https://www.hostelworld.com/hostels/Montenegro,
https://www.hostelworld.com/hostels/Morocco,
https://www.hostelworld.com/hostels/Mozambique,
https://www.hostelworld.com/hostels/Myanmar,
https://www.hostelworld.com/hostels/Namibia,
https://www.hostelworld.com/hostels/Nepal,
https://www.hostelworld.com/hostels/Netherlands,
https://www.hostelworld.com/hostels/Nicaragua,
https://www.hostelworld.com/hostels/Norway,
https://www.hostelworld.com/hostels/Pakistan,
https://www.hostelworld.com/hostels/Palestine,
https://www.hostelworld.com/hostels/Panama,
https://www.hostelworld.com/hostels/Paraguay,
https://www.hostelworld.com/hostels/Peru,
https://www.hostelworld.com/hostels/Philippines,
https://www.hostelworld.com/hostels/Poland,
https://www.hostelworld.com/hostels/Portugal,
https://www.hostelworld.com/hostels/Qatar,
https://www.hostelworld.com/hostels/Romania,
https://www.hostelworld.com/hostels/Russia,
https://www.hostelworld.com/hostels/Rwanda,
https://www.hostelworld.com/hostels/Samoa,
https://www.hostelworld.com/hostels/Scotland,
https://www.hostelworld.com/hostels/Senegal,
https://www.hostelworld.com/hostels/Serbia,
https://www.hostelworld.com/hostels/Singapore,
https://www.hostelworld.com/hostels/Slovakia,
https://www.hostelworld.com/hostels/Slovenia,
https://www.hostelworld.com/hostels/Spain,
https://www.hostelworld.com/hostels/Swaziland,
https://www.hostelworld.com/hostels/Sweden,
https://www.hostelworld.com/hostels/Switzerland,
https://www.hostelworld.com/hostels/Taiwan,
https://www.hostelworld.com/hostels/Tajikistan,
https://www.hostelworld.com/hostels/Tanzania,
https://www.hostelworld.com/hostels/Thailand,
https://www.hostelworld.com/hostels/Turkey,
https://www.hostelworld.com/hostels/USA,
https://www.hostelworld.com/hostels/Uganda,
https://www.hostelworld.com/hostels/Ukraine,
https://www.hostelworld.com/hostels/Uruguay,
https://www.hostelworld.com/hostels/Uzbekistan,
https://www.hostelworld.com/hostels/Vanuatu,
https://www.hostelworld.com/hostels/Venezuela,
https://www.hostelworld.com/hostels/Vietnam,
https://www.hostelworld.com/hostels/Wales,
https://www.hostelworld.com/hostels/Zambia,
https://www.hostelworld.com/hostels/Zimbabwe
