https://www.hostelworld.com/hostels/Albania,
https://www.hostelworld.com/hostels/Amsterdam,
https://www.hostelworld.com/hostels/Andorra,
https://www.hostelworld.com/hostels/Argentina,
https://www.hostelworld.com/hostels/Armenia,
https://www.hostelworld.com/hostels/Aruba,
https://www.hostelworld.com/hostels/Athens,
https://www.hostelworld.com/hostels/Auckland/New-Zealand,
https://www.hostelworld.com/hostels/Australia,
https://www.hostelworld.com/hostels/Austria,
https://www.hostelworld.com/hostels/Azerbaijan,
https://www.hostelworld.com/hostels/Bahamas,
https://www.hostelworld.com/hostels/Bangkok,
https://www.hostelworld.com/hostels/Bangladesh,
https://www.hostelworld.com/hostels/Barcelona,
https://www.hostelworld.com/hostels/Beijing,
https://www.hostelworld.com/hostels/Belarus,
https://www.hostelworld.com/hostels/Belgium,
https://www.hostelworld.com/hostels/Belize,
https://www.hostelworld.com/hostels/Berlin,
https://www.hostelworld.com/hostels/Bolivia,
https://www.hostelworld.com/hostels/Bosnia-And-Herzegovina,
https://www.hostelworld.com/hostels/Botswana,
https://www.hostelworld.com/hostels/Brazil,
https://www.hostelworld.com/hostels/Brisbane/Australia,
https://www.hostelworld.com/hostels/Brunei,
https://www.hostelworld.com/hostels/Budapest,
https://www.hostelworld.com/hostels/Buenos-Aires,
https://www.hostelworld.com/hostels/Bulgaria,
https://www.hostelworld.com/hostels/Cairns/Australia,
https://www.hostelworld.com/hostels/Cambodia,
https://www.hostelworld.com/hostels/Canada,
https://www.hostelworld.com/hostels/Cape-Verde,
https://www.hostelworld.com/hostels/Chile,
https://www.hostelworld.com/hostels/China,
https://www.hostelworld.com/hostels/Christchurch/New-Zealand,
https://www.hostelworld.com/hostels/Colombia,
https://www.hostelworld.com/hostels/Cook-Islands,
https://www.hostelworld.com/hostels/Copenhagen/Denmark,
https://www.hostelworld.com/hostels/Cordoba/Argentina,
https://www.hostelworld.com/hostels/Costa-Rica,
https://www.hostelworld.com/hostels/Croatia,
https://www.hostelworld.com/hostels/Cuba,
https://www.hostelworld.com/hostels/Curacao/Netherlands-Antilles/Map,
https://www.hostelworld.com/hostels/Cusco/Peru,
https://www.hostelworld.com/hostels/Cyprus,
https://www.hostelworld.com/hostels/Czech-Republic,
https://www.hostelworld.com/hostels/Denmark,
https://www.hostelworld.com/hostels/Dominican-Republic,
https://www.hostelworld.com/hostels/Dublin,
https://www.hostelworld.com/hostels/Dubrovnik,
https://www.hostelworld.com/hostels/East-Timor,
https://www.hostelworld.com/hostels/Ecuador,
https://www.hostelworld.com/hostels/Egypt,
https://www.hostelworld.com/hostels/El-Salvador,
https://www.hostelworld.com/hostels/England,
https://www.hostelworld.com/hostels/Estonia,
https://www.hostelworld.com/hostels/Ethiopia,
https://www.hostelworld.com/hostels/Fiji,
https://www.hostelworld.com/hostels/Finland,
https://www.hostelworld.com/hostels/Florence,
https://www.hostelworld.com/hostels/France,
https://www.hostelworld.com/hostels/Frankfurt,
https://www.hostelworld.com/hostels/French-Polynesia,
https://www.hostelworld.com/hostels/Galway/Ireland,
https://www.hostelworld.com/hostels/Georgia,
https://www.hostelworld.com/hostels/Germany,
https://www.hostelworld.com/hostels/Ghana,
https://www.hostelworld.com/hostels/Gibraltar,
https://www.hostelworld.com/hostels/Gisborne/New-Zealand,
https://www.hostelworld.com/hostels/Granada,
https://www.hostelworld.com/hostels/Greece,
https://www.hostelworld.com/hostels/Guatemala,
https://www.hostelworld.com/hostels/Guernsey/England/Map,
https://www.hostelworld.com/hostels/Haiti,
https://www.hostelworld.com/hostels/Hanoi/Vietnam,
https://www.hostelworld.com/hostels/Ho-Chi-Minh/Vietnam,
https://www.hostelworld.com/hostels/Honduras,
https://www.hostelworld.com/hostels/Hong-Kong,
https://www.hostelworld.com/hostels/Hong-Kong/Hong-Kong,
https://www.hostelworld.com/hostels/Hong-Kong/Hong-Kong/Map,
https://www.hostelworld.com/hostels/Hong-Kong/Hong-Kong?ShowAll=1,
https://www.hostelworld.com/hostels/Hong-Kong/Hong-Kong?page=2,
https://www.hostelworld.com/hostels/Hong-Kong/Hong-Kong?page=3,
https://www.hostelworld.com/hostels/Hong-Kong/Hong-Kong?page=4,
https://www.hostelworld.com/hostels/Hungary,
https://www.hostelworld.com/hostels/Iceland,
https://www.hostelworld.com/hostels/India,
https://www.hostelworld.com/hostels/Indonesia,
https://www.hostelworld.com/hostels/Iran,
https://www.hostelworld.com/hostels/Ireland,
https://www.hostelworld.com/hostels/Israel,
https://www.hostelworld.com/hostels/Istanbul/Turkey,
https://www.hostelworld.com/hostels/Italy,
https://www.hostelworld.com/hostels/Jamaica,
https://www.hostelworld.com/hostels/Japan,
https://www.hostelworld.com/hostels/Jordan,
https://www.hostelworld.com/hostels/Kazakhstan,
https://www.hostelworld.com/hostels/Kenya,
https://www.hostelworld.com/hostels/Kosovo,
https://www.hostelworld.com/hostels/Krakow,
https://www.hostelworld.com/hostels/Kuala-Lumpur/Malaysia,
https://www.hostelworld.com/hostels/Kyoto/Japan,
https://www.hostelworld.com/hostels/Kyrgyzstan,
https://www.hostelworld.com/hostels/Laos,
https://www.hostelworld.com/hostels/Latvia,
https://www.hostelworld.com/hostels/Lebanon,
https://www.hostelworld.com/hostels/Liechtenstein,
https://www.hostelworld.com/hostels/Lima,
https://www.hostelworld.com/hostels/Lisbon,
https://www.hostelworld.com/hostels/Lithuania,
https://www.hostelworld.com/hostels/Liverpool/England,
https://www.hostelworld.com/hostels/London,
https://www.hostelworld.com/hostels/Los-Angeles,
https://www.hostelworld.com/hostels/Luxembourg,
https://www.hostelworld.com/hostels/Macedonia,
https://www.hostelworld.com/hostels/Madagascar,
https://www.hostelworld.com/hostels/Madrid,
https://www.hostelworld.com/hostels/Malaga/Spain,
https://www.hostelworld.com/hostels/Malawi,
https://www.hostelworld.com/hostels/Malaysia,
https://www.hostelworld.com/hostels/Maldives,
https://www.hostelworld.com/hostels/Malta,
https://www.hostelworld.com/hostels/Manchester/England,
https://www.hostelworld.com/hostels/Marrakech/Morocco,
https://www.hostelworld.com/hostels/Martinique,
https://www.hostelworld.com/hostels/Melbourne,
https://www.hostelworld.com/hostels/Mendoza/Argentina,
https://www.hostelworld.com/hostels/Mexico,
https://www.hostelworld.com/hostels/Miami/USA,
https://www.hostelworld.com/hostels/Milan,
https://www.hostelworld.com/hostels/Moldova,
https://www.hostelworld.com/hostels/Mongolia,
https://www.hostelworld.com/hostels/Montenegro,
https://www.hostelworld.com/hostels/Morocco,
https://www.hostelworld.com/hostels/Mozambique,
https://www.hostelworld.com/hostels/Munich,
https://www.hostelworld.com/hostels/Myanmar,
https://www.hostelworld.com/hostels/Namibia,
https://www.hostelworld.com/hostels/Nepal,
https://www.hostelworld.com/hostels/Netherlands,
https://www.hostelworld.com/hostels/Netherlands-Antilles,
https://www.hostelworld.com/hostels/New-York,
https://www.hostelworld.com/hostels/New-Zealand,
https://www.hostelworld.com/hostels/Nicaragua,
https://www.hostelworld.com/hostels/Northern-Ireland,
https://www.hostelworld.com/hostels/Norway,
https://www.hostelworld.com/hostels/Pakistan,
https://www.hostelworld.com/hostels/Palestine,
https://www.hostelworld.com/hostels/Panama,
https://www.hostelworld.com/hostels/Paraguay,
https://www.hostelworld.com/hostels/Paris,
https://www.hostelworld.com/hostels/Perth/Australia,
https://www.hostelworld.com/hostels/Peru,
https://www.hostelworld.com/hostels/Philippines,
https://www.hostelworld.com/hostels/Phuket/Thailand,
https://www.hostelworld.com/hostels/Poland,
https://www.hostelworld.com/hostels/Porto/Portugal,
https://www.hostelworld.com/hostels/Portugal,
https://www.hostelworld.com/hostels/Prague,
https://www.hostelworld.com/hostels/Puerto-Iguazu/Argentina,
https://www.hostelworld.com/hostels/Puerto-Rico,
https://www.hostelworld.com/hostels/Qatar,
https://www.hostelworld.com/hostels/Rio-de-Janeiro,
https://www.hostelworld.com/hostels/Romania,
https://www.hostelworld.com/hostels/Rome,
https://www.hostelworld.com/hostels/Russia,
https://www.hostelworld.com/hostels/Rwanda,
https://www.hostelworld.com/hostels/Saint-Lucia,
https://www.hostelworld.com/hostels/Samoa,
https://www.hostelworld.com/hostels/San-Francisco,
https://www.hostelworld.com/hostels/San-Marino,
https://www.hostelworld.com/hostels/Scotland,
https://www.hostelworld.com/hostels/Senegal,
https://www.hostelworld.com/hostels/Serbia,
https://www.hostelworld.com/hostels/Seville,
https://www.hostelworld.com/hostels/Shanghai,
https://www.hostelworld.com/hostels/Singapore,
https://www.hostelworld.com/hostels/Slovakia,
https://www.hostelworld.com/hostels/Slovenia,
https://www.hostelworld.com/hostels/South-Africa,
https://www.hostelworld.com/hostels/South-Korea,
https://www.hostelworld.com/hostels/Spain,
https://www.hostelworld.com/hostels/Sri-Lanka,
https://www.hostelworld.com/hostels/Stockholm,
https://www.hostelworld.com/hostels/Swaziland,
https://www.hostelworld.com/hostels/Sweden,
https://www.hostelworld.com/hostels/Switzerland,
https://www.hostelworld.com/hostels/Sydney,
https://www.hostelworld.com/hostels/Taiwan,
https://www.hostelworld.com/hostels/Tajikistan,
https://www.hostelworld.com/hostels/Tanzania,
https://www.hostelworld.com/hostels/Thailand,
https://www.hostelworld.com/hostels/Tokyo,
https://www.hostelworld.com/hostels/Trinidad-And-Tobago,
https://www.hostelworld.com/hostels/Turkey,
https://www.hostelworld.com/hostels/USA,
https://www.hostelworld.com/hostels/Uganda,
https://www.hostelworld.com/hostels/Ukraine,
https://www.hostelworld.com/hostels/United-Arab-Emirates,
https://www.hostelworld.com/hostels/Uruguay,
https://www.hostelworld.com/hostels/Uzbekistan,
https://www.hostelworld.com/hostels/Valencia,
https://www.hostelworld.com/hostels/Vanuatu,
https://www.hostelworld.com/hostels/Venezuela,
https://www.hostelworld.com/hostels/Venice,
https://www.hostelworld.com/hostels/Vienna,
https://www.hostelworld.com/hostels/Vietnam,
https://www.hostelworld.com/hostels/Wales,
https://www.hostelworld.com/hostels/Washington-DC/USA,
https://www.hostelworld.com/hostels/Zambia,
https://www.hostelworld.com/hostels/Zimbabwe,
https://www.hostelworld.com/hostels/africa,
https://www.hostelworld.com/hostels/area/Alaska/USA,
https://www.hostelworld.com/hostels/area/Alberta/Canada,
https://www.hostelworld.com/hostels/area/Andalucia/Spain,
https://www.hostelworld.com/hostels/area/Aosta-Valley/Italy,
https://www.hostelworld.com/hostels/area/Apulia/Italy,
https://www.hostelworld.com/hostels/area/Aragon/Spain,
https://www.hostelworld.com/hostels/area/Arizona/USA,
https://www.hostelworld.com/hostels/area/Arkansas/USA,
https://www.hostelworld.com/hostels/area/Asturias/Spain,
https://www.hostelworld.com/hostels/area/Australian-Capital-Territory/Australia,
https://www.hostelworld.com/hostels/area/Auvergne-Rhone-Alpes/France,
https://www.hostelworld.com/hostels/area/Balearic-Islands/Spain,
https://www.hostelworld.com/hostels/area/Basilicata/Italy,
https://www.hostelworld.com/hostels/area/Basque-Country/Spain,
https://www.hostelworld.com/hostels/area/Bourgogne-Franche-Comte/France,
https://www.hostelworld.com/hostels/area/British-Columbia/Canada,
https://www.hostelworld.com/hostels/area/Brittany/France,
https://www.hostelworld.com/hostels/area/Calabria/Italy,
https://www.hostelworld.com/hostels/area/California/USA,
https://www.hostelworld.com/hostels/area/Campania/Italy,
https://www.hostelworld.com/hostels/area/Canary-Islands/Spain,
https://www.hostelworld.com/hostels/area/Cantabria/Spain,
https://www.hostelworld.com/hostels/area/Castilla-La-Mancha/Spain,
https://www.hostelworld.com/hostels/area/Castilla-y-Leon/Spain,
https://www.hostelworld.com/hostels/area/Catalonia/Spain,
https://www.hostelworld.com/hostels/area/Central-Java/Indonesia,
https://www.hostelworld.com/hostels/area/Colorado/USA,
https://www.hostelworld.com/hostels/area/Corsica/France,
https://www.hostelworld.com/hostels/area/District-of-Columbia/USA,
https://www.hostelworld.com/hostels/area/Emilia-Romagna/Italy,
https://www.hostelworld.com/hostels/area/Extremadura/Spain,
https://www.hostelworld.com/hostels/area/Florida/USA,
https://www.hostelworld.com/hostels/area/Friuli-Venezia-Giulia/Italy,
https://www.hostelworld.com/hostels/area/Galicia/Spain,
https://www.hostelworld.com/hostels/area/Georgia/USA,
https://www.hostelworld.com/hostels/area/Grand-Est/France,
https://www.hostelworld.com/hostels/area/Hauts-de-France/France,
https://www.hostelworld.com/hostels/area/Hawaii/USA,
https://www.hostelworld.com/hostels/area/Idaho/USA,
https://www.hostelworld.com/hostels/area/Ile-de-France/France,
https://www.hostelworld.com/hostels/area/Illinois/USA,
https://www.hostelworld.com/hostels/area/Indiana/USA,
https://www.hostelworld.com/hostels/area/La-Rioja/Spain,
https://www.hostelworld.com/hostels/area/Lazio/Italy,
https://www.hostelworld.com/hostels/area/Liguria/Italy,
https://www.hostelworld.com/hostels/area/Lombardy/Italy,
https://www.hostelworld.com/hostels/area/Louisiana/USA,
https://www.hostelworld.com/hostels/area/Madrid/Spain,
https://www.hostelworld.com/hostels/area/Maine/USA,
https://www.hostelworld.com/hostels/area/Manitoba/Canada,
https://www.hostelworld.com/hostels/area/Maryland/USA,
https://www.hostelworld.com/hostels/area/Massachusetts/USA,
https://www.hostelworld.com/hostels/area/Michigan/USA,
https://www.hostelworld.com/hostels/area/Minnesota/USA,
https://www.hostelworld.com/hostels/area/Montana/USA,
https://www.hostelworld.com/hostels/area/Murcia/Spain,
https://www.hostelworld.com/hostels/area/Navarra/Spain,
https://www.hostelworld.com/hostels/area/Nevada/USA,
https://www.hostelworld.com/hostels/area/New-Brunswick/Canada,
https://www.hostelworld.com/hostels/area/New-Hampshire/USA,
https://www.hostelworld.com/hostels/area/New-Jersey/USA,
https://www.hostelworld.com/hostels/area/New-Mexico/USA,
https://www.hostelworld.com/hostels/area/New-South-Wales/Australia,
https://www.hostelworld.com/hostels/area/New-York/USA,
https://www.hostelworld.com/hostels/area/Newfoundland-and-Labrador/Canada,
https://www.hostelworld.com/hostels/area/Normandy/France,
https://www.hostelworld.com/hostels/area/North-Carolina/USA,
https://www.hostelworld.com/hostels/area/Northern-Territory/Australia,
https://www.hostelworld.com/hostels/area/Nouvelle-Aquitaine/France,
https://www.hostelworld.com/hostels/area/Nova-Scotia/Canada,
https://www.hostelworld.com/hostels/area/Occitanie/France,
https://www.hostelworld.com/hostels/area/Ohio/USA,
https://www.hostelworld.com/hostels/area/Ontario/Canada,
https://www.hostelworld.com/hostels/area/Oregon/USA,
https://www.hostelworld.com/hostels/area/Otavalo/Ecuador,
https://www.hostelworld.com/hostels/area/Pays-de-la-Loire/France,
https://www.hostelworld.com/hostels/area/Pennsylvania/USA,
https://www.hostelworld.com/hostels/area/Piedmont/Italy,
https://www.hostelworld.com/hostels/area/Prince-Edward-Island/Canada,
https://www.hostelworld.com/hostels/area/Provence-Alpes-Cote-d-Azur/France,
https://www.hostelworld.com/hostels/area/Quebec/Canada,
https://www.hostelworld.com/hostels/area/Queensland/Australia,
https://www.hostelworld.com/hostels/area/Sardinia/Italy,
https://www.hostelworld.com/hostels/area/Saskatchewan/Canada,
https://www.hostelworld.com/hostels/area/Sicily/Italy,
https://www.hostelworld.com/hostels/area/South-Australia/Australia,
https://www.hostelworld.com/hostels/area/South-Carolina/USA,
https://www.hostelworld.com/hostels/area/Tasmania/Australia,
https://www.hostelworld.com/hostels/area/Tennessee/USA,
https://www.hostelworld.com/hostels/area/Texas/USA,
https://www.hostelworld.com/hostels/area/Trentino-Alto-Adige-Sudtirol/Italy,
https://www.hostelworld.com/hostels/area/Tuscany/Italy,
https://www.hostelworld.com/hostels/area/Umbria/Italy,
https://www.hostelworld.com/hostels/area/Utah/USA,
https://www.hostelworld.com/hostels/area/Val-de-Loire/France,
https://www.hostelworld.com/hostels/area/Valencia/Spain,
https://www.hostelworld.com/hostels/area/Veneto/Italy,
https://www.hostelworld.com/hostels/area/Vermont/USA,
https://www.hostelworld.com/hostels/area/Victoria/Australia,
https://www.hostelworld.com/hostels/area/Virginia/USA,
https://www.hostelworld.com/hostels/area/Washington/USA,
https://www.hostelworld.com/hostels/area/Western-Australia/Australia,
https://www.hostelworld.com/hostels/area/Wisconsin/USA,
https://www.hostelworld.com/hostels/asia,
https://www.hostelworld.com/hostels/europe,
https://www.hostelworld.com/hostels/north-america,
https://www.hostelworld.com/hostels/oceania,
https://www.hostelworld.com/hostels/region/Amalfi-Coast/Italy,
https://www.hostelworld.com/hostels/region/Bali/Indonesia,
https://www.hostelworld.com/hostels/region/Banff-National-Park/Canada,
https://www.hostelworld.com/hostels/region/Blue-Mountains/Australia,
https://www.hostelworld.com/hostels/region/Cape-Cod/USA,
https://www.hostelworld.com/hostels/region/Capricorn-Coast/Australia,
https://www.hostelworld.com/hostels/region/Coral-Coast/Australia,
https://www.hostelworld.com/hostels/region/Costa-Blanca/Spain,
https://www.hostelworld.com/hostels/region/Costa-Brava/Spain,
https://www.hostelworld.com/hostels/region/Costa-De-La-Luz/Spain,
https://www.hostelworld.com/hostels/region/Costa-Del-Sol/Spain,
https://www.hostelworld.com/hostels/region/Costa-Dorada/Spain,
https://www.hostelworld.com/hostels/region/Fraser-Coast/Australia,
https://www.hostelworld.com/hostels/region/Fuerteventura/Spain,
https://www.hostelworld.com/hostels/region/Glacier-National-Park/Canada,
https://www.hostelworld.com/hostels/region/Golan-Heights/Israel,
https://www.hostelworld.com/hostels/region/Gold-Coast/Australia,
https://www.hostelworld.com/hostels/region/Gran-Canaria/Spain,
https://www.hostelworld.com/hostels/region/Grand-Canyon/USA,
https://www.hostelworld.com/hostels/region/Great-Ocean-Road/Australia,
https://www.hostelworld.com/hostels/region/Hokkaido/Japan,
https://www.hostelworld.com/hostels/region/Hunter-Valley/Australia,
https://www.hostelworld.com/hostels/region/Ibiza/Spain,
https://www.hostelworld.com/hostels/region/Jasper-National-Park/Canada,
https://www.hostelworld.com/hostels/region/Kyushu/Japan,
https://www.hostelworld.com/hostels/region/La-Palma/Spain,
https://www.hostelworld.com/hostels/region/Lake-Tahoe/USA,
https://www.hostelworld.com/hostels/region/Lanzarote/Spain,
https://www.hostelworld.com/hostels/region/Majorca/Spain,
https://www.hostelworld.com/hostels/region/Miami-Beach/USA,
https://www.hostelworld.com/hostels/region/Palawan/Philippines,
https://www.hostelworld.com/hostels/region/Snowy-Mountains/Australia,
https://www.hostelworld.com/hostels/region/Sunshine-Coast/Australia,
https://www.hostelworld.com/hostels/region/Tara-National-Park/Serbia,
https://www.hostelworld.com/hostels/region/Tenerife/Spain,
https://www.hostelworld.com/hostels/region/Vancouver-Island/Canada,
https://www.hostelworld.com/hostels/region/Yoho-National-Park/Canada,
https://www.hostelworld.com/hostels/south-america,
